-- 帳號相關数据表的测试数据

TRUNCATE account_user;
INSERT INTO account_user
VALUES (1, 'root', '$2a$10$N.ZOn9G6/YLFixAOPMg/h.z7pCu6v2XyFDtC4q.jeeGm/TEZyj15C',
        'https://img1.baidu.com/it/u=172033757,2398290767&fm=253&fmt=auto&app=138&f=JPEG?w=500&h=500', '13900139001',
        'root@baidu.com', '最高權限的用戶', 1, NULL, 0, NULL, '2023-06-01 08:00:00', '2023-06-01 08:00:00'),
       (2, 'super_admin', '$2a$10$N.ZOn9G6/YLFixAOPMg/h.z7pCu6v2XyFDtC4q.jeeGm/TEZyj15C',
        'http://t14.baidu.com/it/u=2403578171,523646825&fm=224&app=112&f=JPEG?w=500&h=500', '13900139002',
        'super_user@baidu.cn', '超級用戶，通常具有除了【管理用戶】以外的全部權限', 1, NULL, 0, NULL, '2023-06-01 08:00:00',
        '2023-06-01 08:00:00'),
       (3, 'qilei', '$2a$10$N.ZOn9G6/YLFixAOPMg/h.z7pCu6v2XyFDtC4q.jeeGm/TEZyj15C',
        'https://img2.baidu.com/it/u=1061003185,984761738&fm=253&fmt=auto&app=138&f=JPEG?w=500&h=500', '13900139003',
        'qilei@baidu.cn', '齊雷老師的帳號', 1, NULL, 0, NULL, '2023-06-01 08:00:00', '2023-06-01 08:00:00'),
       (4, 'wangkejing', '$2a$10$N.ZOn9G6/YLFixAOPMg/h.z7pCu6v2XyFDtC4q.jeeGm/TEZyj15C',
        'https://tupian.qqw21.com/article/UploadPic/2021-7/20217821572211826.jpeg', '13900139004',
        'wangkejing@baidu.com',
        '王克晶老師的帳號', 1, NULL, 0, NULL, '2023-06-01 08:00:00', '2023-06-01 08:00:00'),
       (5, 'fanchuanqi', '$2a$10$N.ZOn9G6/YLFixAOPMg/h.z7pCu6v2XyFDtC4q.jeeGm/TEZyj15C',
        'https://img2.woyaogexing.com/2018/12/29/78d4b8ed88129d81%21400x400_big.jpg', '13900139005',
        'fanchuanqi@baidu.com', '范傳奇老師的帳號', 1, NULL, 0, NULL, '2023-06-01 08:00:00', '2023-06-01 08:00:00'),
       (6, 'liuguobin', '$2a$10$N.ZOn9G6/YLFixAOPMg/h.z7pCu6v2XyFDtC4q.jeeGm/TEZyj15C',
        'https://inews.gtimg.com/newsapp_bt/0/12844581467/1000', '13900139006',
        'liuguobin@baidu.com', '劉國斌老師的帳號', 1, NULL, 0, NULL, '2023-06-01 08:00:00', '2023-06-01 08:00:00'),
       (7, 'chengheng', '$2a$10$N.ZOn9G6/YLFixAOPMg/h.z7pCu6v2XyFDtC4q.jeeGm/TEZyj15C',
        'https://inews.gtimg.com/newsapp_bt/0/14020308069/1000', '13900139007',
        'chengheng@baidu.com', '成恒老師的帳號', 1, NULL, 0, NULL, '2023-06-01 08:00:00', '2023-06-01 08:00:00'),
       (8, 'zhanghaolan', '$2a$10$N.ZOn9G6/YLFixAOPMg/h.z7pCu6v2XyFDtC4q.jeeGm/TEZyj15C',
        'https://tupian.qqw21.com/article/UploadPic/2022-3/202231217251875370.jpg', '13900139008',
        'zhanghaolan@baidu.com', '張晧嵐老師的帳號', 1, NULL, 0, NULL, '2023-06-01 08:00:00', '2023-06-01 08:00:00'),
       (9, 'wanghaitao', '$2a$10$N.ZOn9G6/YLFixAOPMg/h.z7pCu6v2XyFDtC4q.jeeGm/TEZyj15C',
        'https://pic.rmb.bdstatic.com/bjh/a52e840c28db72be04346701e8854a4a.jpeg@s_0,w_2000', '13900139009',
        'wanghaitao@baidu.com', '王海濤老師的帳號', 1, NULL, 0, NULL, '2023-06-01 08:00:00', '2023-06-01 08:00:00'),
       (10, 'zhangjiujun', '$2a$10$N.ZOn9G6/YLFixAOPMg/h.z7pCu6v2XyFDtC4q.jeeGm/TEZyj15C',
        'https://img2.baidu.com/it/u=3420384266,2933740954&fm=253&fmt=auto&app=138&f=JPEG?w=500&h=500', '13900139010',
        'zhangjiujun@baidu.com', '張久軍老師的帳號', 1, NULL, 0, NULL, '2023-06-01 08:00:00', '2023-06-01 08:00:00'),
       (11, 'xiaoxuwei', '$2a$10$N.ZOn9G6/YLFixAOPMg/h.z7pCu6v2XyFDtC4q.jeeGm/TEZyj15C',
        'https://inews.gtimg.com/newsapp_bt/0/13495906408/1000', '13900139011',
        'xiaoxuwei@baidu.com', '肖旭韋老師的帳號', 1, NULL, 0, NULL, '2023-06-01 08:00:00', '2023-06-01 08:00:00'),
       (12, 'zhaoxiujia', '$2a$10$N.ZOn9G6/YLFixAOPMg/h.z7pCu6v2XyFDtC4q.jeeGm/TEZyj15C',
        'https://img0.baidu.com/it/u=2666213152,2487785512&fm=253&fmt=auto&app=120&f=JPEG?w=500&h=500', '13900139012',
        'zhaoxiujia@baidu.com', '趙秀佳老師的帳號', 0, NULL, 0, NULL, '2023-06-01 08:00:00', '2023-06-01 08:00:00'),
       (13, 'lidashuai', '$2a$10$N.ZOn9G6/YLFixAOPMg/h.z7pCu6v2XyFDtC4q.jeeGm/TEZyj15C',
        'https://tupian.qqw21.com/article/UploadPic/2021-5/202152113563063972.jpeg', '13900139013',
        'lidashuai@baidu.com', '李大帥老師的帳號', 0, NULL, 0, NULL, '2023-06-01 08:00:00', '2023-06-01 08:00:00'),
       (14, 'zhangyaoyun', '$2a$10$N.ZOn9G6/YLFixAOPMg/h.z7pCu6v2XyFDtC4q.jeeGm/TEZyj15C',
        'https://img2.baidu.com/it/u=103296079,865218358&fm=253&fmt=auto&app=138&f=JPEG?w=500&h=500', '13900139014',
        'zhangyaoyun@baidu.com', '張耀匀老師的帳號', 0, NULL, 0, NULL, '2023-06-01 08:00:00', '2023-06-01 08:00:00');

TRUNCATE account_role;
INSERT INTO account_role
VALUES (1, '系统管理員', '最高權限的管理員角色，應該關聯所有權限', 255, '2023-06-01 08:00:00', '2023-06-01 08:00:00'),
       (2, '超級管理員', '除了系统用戶以外的最高權限的用戶角色，應該關聯除了【用戶管理】以外的所有權限', 255, '2023-06-01 08:00:00', '2023-06-01 08:00:00'),
       (3, '普通用戶', '普通用戶', 99, '2023-06-01 08:00:00', '2023-06-01 08:00:00'),
       (4, '資訊管理員', '負責管理資訊的管理員角色，應該關聯品牌管理的相關權限', 0, '2023-06-01 08:00:00', '2023-06-01 08:00:00'),
       (5, '商品管理員', '負責管理商品的管理員角色，應該關聯類别管理的相關權限', 0, '2023-06-01 08:00:00', '2023-06-01 08:00:00');

TRUNCATE account_user_role;
INSERT INTO account_user_role
VALUES (1, 1, 1, '2023-06-01 08:00:00', '2023-06-01 08:00:00'),
       (2, 2, 2, '2023-06-01 08:00:00', '2023-06-01 08:00:00'),
       (3, 3, 3, '2023-06-01 08:00:00', '2023-06-01 08:00:00'),
       (4, 4, 3, '2023-06-01 08:00:00', '2023-06-01 08:00:00'),
       (5, 5, 3, '2023-06-01 08:00:00', '2023-06-01 08:00:00'),
       (6, 6, 3, '2023-06-01 08:00:00', '2023-06-01 08:00:00'),
       (7, 7, 3, '2023-06-01 08:00:00', '2023-06-01 08:00:00'),
       (8, 8, 3, '2023-06-01 08:00:00', '2023-06-01 08:00:00'),
       (9, 9, 3, '2023-06-01 08:00:00', '2023-06-01 08:00:00'),
       (10, 10, 3, '2023-06-01 08:00:00', '2023-06-01 08:00:00'),
       (11, 11, 3, '2023-06-01 08:00:00', '2023-06-01 08:00:00'),
       (12, 12, 3, '2023-06-01 08:00:00', '2023-06-01 08:00:00'),
       (13, 13, 3, '2023-06-01 08:00:00', '2023-06-01 08:00:00'),
       (14, 14, 3, '2023-06-01 08:00:00', '2023-06-01 08:00:00');

TRUNCATE account_permission;
INSERT INTO account_permission
VALUES (1, '進入後台管理', '/admin', '顯示後台管理的任何页面，包括後台管理的入口', 255, '2023-06-01 08:00:00', '2023-06-01 08:00:00'),
       (2, '帳號管理-用戶-添加', '/account/user/add-new', '添加用戶', 254, '2023-06-01 08:00:00', '2023-06-01 08:00:00'),
       (3, '帳號管理-用戶-删除', '/account/user/delete', '删除用戶', 253, '2023-06-01 08:00:00', '2023-06-01 08:00:00'),
       (4, '帳號管理-用戶-啟用或禁用', '/account/user/enable', '启用或禁用用戶', 252, '2023-06-01 08:00:00', '2023-06-01 08:00:00'),
       (5, '帳號管理-用戶-编辑', '/account/user/edit', '修改用戶資料', 0, '2023-06-01 08:00:00', '2023-06-01 08:00:00'),
       (6, '帳號管理-用戶-查询', '/account/user/query', '查询用戶資料，包括所有查询功能', 0, '2023-06-01 08:00:00', '2023-06-01 08:00:00'),
       (7, '内容管理-類别-常規管理', '/content/category/simple', '文章類别常規管理，不包含删除', 0, '2023-06-01 08:00:00', '2023-06-01 08:00:00'),
       (8, '内容管理-類别-删除', '/content/category/delete', '删除文章類别', 0, '2023-06-01 08:00:00', '2023-06-01 08:00:00'),
       (9, '内容管理-類别-重建緩存', '/content/category/rebuild-cache', '重建文章類别緩存', 0, '2023-06-01 08:00:00', '2023-06-01 08:00:00'),
       (10, '内容管理-文章-常規管理', '/content/article/simple', '文章常規管理，不包含審核與删除', 0, '2023-06-01 08:00:00', '2023-06-01 08:00:00'),
       (11, '内容管理-文章-審核', '/content/article/check', '審核與拒絕審核文章', 0, '2023-06-01 08:00:00', '2023-06-01 08:00:00'),
       (12, '内容管理-文章-删除', '/content/article/delete', '删除文章', 0, '2023-06-01 08:00:00', '2023-06-01 08:00:00'),
       (13, '内容管理-文章-重建搜索緩存', '/content/article/rebuild-search', '重建文章搜索緩存', 0, '2023-06-01 08:00:00', '2023-06-01 08:00:00'),
       (14, '内容管理-評論-常規管理', '/content/comment/simple', '評論常規管理，不包含審核與删除', 0, '2023-06-01 08:00:00', '2023-06-01 08:00:00'),
       (15, '内容管理-評論-審核', '/content/comment/check', '審核與拒絕審核評論', 0, '2023-06-01 08:00:00', '2023-06-01 08:00:00'),
       (16, '内容管理-評論-删除', '/content/comment/delete', '删除評論', 0, '2023-06-01 08:00:00', '2023-06-01 08:00:00'),
       (17, '内容管理-評論-重建緩存', '/content/comment/rebuild-cache', '重建評論緩存', 0, '2023-06-01 08:00:00', '2023-06-01 08:00:00'),
       (18, '商城管理-類别-常規管理', '/mall/category/simple', '商品類别常規管理，不包含删除', 0, '2023-06-01 08:00:00', '2023-06-01 08:00:00'),
       (19, '商城管理-類别-删除', '/mall/category/delete', '删除商品類别', 0, '2023-06-01 08:00:00', '2023-06-01 08:00:00'),
       (20, '商城管理-類别-重建緩存', '/mall/category/rebuild-cache', '重建商品類别緩存', 0, '2023-06-01 08:00:00', '2023-06-01 08:00:00'),
       (21, '商城管理-商品-常規管理', '/mall/goods/simple', '商品常規管理，不包含審核與删除', 0, '2023-06-01 08:00:00', '2023-06-01 08:00:00'),
       (22, '商城管理-商品-審核', '/mall/goods/check', '審核與拒絕審核商品', 0, '2023-06-01 08:00:00', '2023-06-01 08:00:00'),
       (23, '商城管理-商品-删除', '/mall/goods/delete', '删除商品', 0, '2023-06-01 08:00:00', '2023-06-01 08:00:00'),
       (24, '商城管理-商品-重建搜索緩存', '/mall/goods/rebuild-search', '重建商品搜索緩存', 0, '2023-06-01 08:00:00', '2023-06-01 08:00:00'),
       (25, '商城管理-評論-常規管理', '/mall/comment/simple', '評論常規管理，不包含審核與删除', 0, '2023-06-01 08:00:00', '2023-06-01 08:00:00'),
       (26, '商城管理-評論-審核', '/mall/comment/check', '審核與拒絕審核評論', 0, '2023-06-01 08:00:00', '2023-06-01 08:00:00'),
       (27, '商城管理-評論-删除', '/mall/comment/delete', '删除評論', 0, '2023-06-01 08:00:00', '2023-06-01 08:00:00'),
       (28, '商城管理-評論-重建緩存', '/mall/comment/rebuild-cache', '重建評論緩存', 0, '2023-06-01 08:00:00', '2023-06-01 08:00:00')
;

TRUNCATE account_role_permission;
INSERT INTO account_role_permission (role_id, permission_id, gmt_create, gmt_modified)
VALUES (1, 1, '2023-06-01 08:00:00', '2023-06-01 08:00:00'),
       (1, 2, '2023-06-01 08:00:00', '2023-06-01 08:00:00'),
       (1, 3, '2023-06-01 08:00:00', '2023-06-01 08:00:00'),
       (1, 4, '2023-06-01 08:00:00', '2023-06-01 08:00:00'),
       (1, 5, '2023-06-01 08:00:00', '2023-06-01 08:00:00'),
       (1, 6, '2023-06-01 08:00:00', '2023-06-01 08:00:00'),
       (1, 7, '2023-06-01 08:00:00', '2023-06-01 08:00:00'),
       (1, 8, '2023-06-01 08:00:00', '2023-06-01 08:00:00'),
       (1, 9, '2023-06-01 08:00:00', '2023-06-01 08:00:00'),
       (1, 10, '2023-06-01 08:00:00', '2023-06-01 08:00:00'),
       (1, 11, '2023-06-01 08:00:00', '2023-06-01 08:00:00'),
       (1, 12, '2023-06-01 08:00:00', '2023-06-01 08:00:00'),
       (1, 13, '2023-06-01 08:00:00', '2023-06-01 08:00:00'),
       (1, 14, '2023-06-01 08:00:00', '2023-06-01 08:00:00'),
       (1, 15, '2023-06-01 08:00:00', '2023-06-01 08:00:00'),
       (1, 16, '2023-06-01 08:00:00', '2023-06-01 08:00:00'),
       (1, 17, '2023-06-01 08:00:00', '2023-06-01 08:00:00'),
       (1, 18, '2023-06-01 08:00:00', '2023-06-01 08:00:00'),
       (1, 19, '2023-06-01 08:00:00', '2023-06-01 08:00:00'),
       (1, 20, '2023-06-01 08:00:00', '2023-06-01 08:00:00'),
       (1, 21, '2023-06-01 08:00:00', '2023-06-01 08:00:00'),
       (1, 22, '2023-06-01 08:00:00', '2023-06-01 08:00:00'),
       (1, 23, '2023-06-01 08:00:00', '2023-06-01 08:00:00'),
       (1, 24, '2023-06-01 08:00:00', '2023-06-01 08:00:00'),
       (1, 25, '2023-06-01 08:00:00', '2023-06-01 08:00:00'),
       (1, 26, '2023-06-01 08:00:00', '2023-06-01 08:00:00'),
       (1, 27, '2023-06-01 08:00:00', '2023-06-01 08:00:00'),
       (1, 28, '2023-06-01 08:00:00', '2023-06-01 08:00:00'),
       (2, 1, '2023-06-01 08:00:00', '2023-06-01 08:00:00'),
       (2, 7, '2023-06-01 08:00:00', '2023-06-01 08:00:00'),
       (2, 8, '2023-06-01 08:00:00', '2023-06-01 08:00:00'),
       (2, 9, '2023-06-01 08:00:00', '2023-06-01 08:00:00'),
       (2, 10, '2023-06-01 08:00:00', '2023-06-01 08:00:00'),
       (2, 11, '2023-06-01 08:00:00', '2023-06-01 08:00:00'),
       (2, 12, '2023-06-01 08:00:00', '2023-06-01 08:00:00'),
       (2, 13, '2023-06-01 08:00:00', '2023-06-01 08:00:00'),
       (2, 14, '2023-06-01 08:00:00', '2023-06-01 08:00:00'),
       (2, 15, '2023-06-01 08:00:00', '2023-06-01 08:00:00'),
       (2, 16, '2023-06-01 08:00:00', '2023-06-01 08:00:00'),
       (2, 17, '2023-06-01 08:00:00', '2023-06-01 08:00:00'),
       (2, 18, '2023-06-01 08:00:00', '2023-06-01 08:00:00'),
       (2, 19, '2023-06-01 08:00:00', '2023-06-01 08:00:00'),
       (2, 20, '2023-06-01 08:00:00', '2023-06-01 08:00:00'),
       (2, 21, '2023-06-01 08:00:00', '2023-06-01 08:00:00'),
       (2, 22, '2023-06-01 08:00:00', '2023-06-01 08:00:00'),
       (2, 23, '2023-06-01 08:00:00', '2023-06-01 08:00:00'),
       (2, 24, '2023-06-01 08:00:00', '2023-06-01 08:00:00')
;
