<?xml version="1.0" encoding="UTF-8"?>
<!DOCTYPE mapper PUBLIC "-//mybatis.org//DTD Mapper 3.0//EN" "http://mybatis.org/dtd/mybatis-3-mapper.dtd">

<mapper namespace="cn.tedu.meimall.front.account.dao.persist.mapper.UserRoleMapper">

    <!-- int insert(UserRole userRole); -->
    <insert id="insert" useGeneratedKeys="true" keyProperty="id">
        INSERT INTO account_User_role (
            user_id,role_id,gmt_create,gmt_modified
        ) VALUES (
                     #{userId},#{roleId},#{gmtCreate},#{gmtModified}
                 )
    </insert>

    <!-- int insertBatch(List<UserRole>userRoleList); -->
    <insert id="insertBatch" useGeneratedKeys="true" keyProperty="id">
        INSERT INTO account_user_role (user_id, role_id) VALUES
        <foreach collection="list" item="UserRole" separator=",">
            (#{userRole.userId}, #{usernRole.roleId})
        </foreach>
    </insert>

    <!-- int deleteByUserId(Long userId); -->
    <delete id="deleteByUserId">
        DELETE FROM account_user_role WHERE user_id=#{userId}
    </delete>


</mapper>

